<?xml version="1.0"?>
<odoo>
    <!-- Mail template is done in a NOUPDATE block
         so users can freely customize/delete them -->
    <data noupdate="1">
        <!--Mail template level 0-->
       <!--  <record id="email_template_account_followup_level0_id" model="mail.template">
            <field name="name">First polite payment follow-up reminder email</field>
            <field name="email_from">${(user.email or '')|safe}</field>
            <field name="subject">${user.company_id.name} Payment Reminder</field>
            <field name="email_to">${object.email|safe}</field>
            <field name="lang">${object.lang}</field>
             <field name="report_template" ref="account.action_report_print_overdue"/>
            <field name="report_name">Overdue Report</field>
            <field name="model_id" ref="base.model_res_partner"/>
            <field name="auto_delete" eval="True"/>
            <field name="body_html"><![CDATA[
<div style="font-family: 'Lucica Grande', Ubuntu, Arial, Verdana, sans-serif; font-size: 12px; color: rgb(34, 34, 34); background-color: rgb(255, 255, 255); ">

    <p>Dear ${object.name},</p>
    <p>
    Exception made if there was a mistake of ours, it seems that the following amount stays unpaid. Please, take
appropriate measures in order to carry out this payment in the next 8 days.

Would your payment have been carried out after this mail was sent, please ignore this message. Do not hesitate to
contact our accounting department.  

    </p>
<br/>
Best Regards,
<br/>
   <br/>
${user.name}

<br/>
<br/>



    <br/>

</div>
            ]]></field>
        </record> -->

        <!--Mail template level 1 -->
        <!-- <record id="email_template_account_followup_level1_id" model="mail.template">
            <field name="name">A bit urging second payment follow-up reminder email</field>
            <field name="email_from">${(user.email or '')|safe}</field>
            <field name="subject">${user.company_id.name} Payment Reminder</field>
            <field name="email_to">${object.email|safe}</field>
            <field name="lang">${object.lang}</field>
            <field name="report_template" ref="account.action_report_print_overdue"/>
            <field name="report_name">Overdue Report</field>
            <field name="model_id" ref="base.model_res_partner"/>
            <field name="auto_delete" eval="True"/>
            <field name="body_html"><![CDATA[
<div style="font-family: 'Lucica Grande', Ubuntu, Arial, Verdana, sans-serif; font-size: 12px; color: rgb(34, 34, 34); background-color: rgb(255, 255, 255); ">
    
    <p>Dear ${object.name},</p>
   <p>
    We are disappointed to see that despite sending a reminder, that your account is now seriously overdue.
It is essential that immediate payment is made, otherwise we will have to consider placing a stop on your account
which means that we will no longer be able to supply your company with (goods/services).
Please, take appropriate measures in order to carry out this payment in the next 8 days.
If there is a problem with paying invoice that we are not aware of, do not hesitate to contact our accounting
department. so that we can resolve the matter quickly.
 </p>
<br/>
Best Regards,
    
<br/>
<br/>
${user.name}
    
<br/>
<br/>


    <br/>

</div>
            ]]></field>
        </record>
 -->
        <!--Mail template level 2 -->
       <!--  <record id="email_template_account_followup_level2_id" model="mail.template">
            <field name="name">Urging payment follow-up reminder email</field>
            <field name="email_from">${(user.email or '')|safe}</field>
            <field name="subject">${user.company_id.name} Payment Reminder</field>
            <field name="email_to">${object.email|safe}</field>
            <field name="lang">${object.lang}</field>
            <field name="report_template" ref="account.action_report_print_overdue"/>
            <field name="report_name">Overdue Report</field>
            <field name="model_id" ref="base.model_res_partner"/>
            <field name="auto_delete" eval="True"/>
            <field name="body_html"><![CDATA[
<div style="font-family: 'Lucica Grande', Ubuntu, Arial, Verdana, sans-serif; font-size: 12px; color: rgb(34, 34, 34); background-color: rgb(255, 255, 255); ">
    
    <p>Dear ${object.name},</p>
    <p>
    Despite several reminders, your account is still not settled.
Unless full payment is made in next 8 days, legal action for the recovery of the debt will be taken without
further notice.
I trust that this action will prove unnecessary and details of due payments is printed below.
In case of any queries concerning this matter, do not hesitate to contact our accounting department.
</p>
<br/>
Best Regards,
<br/>
<br/>
${user.name}
<br/>
<br/>



    <br/>

</div>
            ]]></field>
        </record>
         -->
        <!-- Default follow up message -->
        <record id="email_template_account_followup_default_id" model="mail.template">
            <field name="name">Default payment follow-up reminder e-mail</field>
            <field name="email_from">${(user.email or '')|safe}</field>
            <field name="subject">${user.company_id.name} Payment Reminder</field>
            <field name="email_to">${object.email|safe}</field>
            <field name="lang">${object.lang}</field>
             <field name="report_template" ref="bi_customer_overdue_statement.report_customer_overdue_print"/>
            <field name="report_name">Overdue Report</field>
            <field name="model_id" ref="base.model_res_partner"/>
            <field name="auto_delete" eval="True"/>
            <field name="body_html"><![CDATA[
<div style="font-family: 'Lucica Grande', Ubuntu, Arial, Verdana, sans-serif; font-size: 12px; color: rgb(34, 34, 34); background-color: rgb(255, 255, 255); ">
    
    <p>Dear ${object.name},</p>
    <p>
    Exception made if there was a mistake of ours, it seems that the following amount stays unpaid. Please, take
appropriate measures in order to carry out this payment in the next 8 days.
Would your payment have been carried out after this mail was sent, please ignore this message. Do not hesitate to
contact our accounting department.
    </p>
<br/>
Best Regards,
<br/>
<br/>
${user.name}
<br/>
<br/>


<br/>
</div>
            ]]></field>
        </record>


       <!-- <record id="email_template_customer_monthly_statement" model="mail.template">
            <field name="name">Customer Monthly Statement Email</field>
            <field name="email_from">${(user.email or '')|safe}</field>
            <field name="subject">${user.company_id.name} Customer Monthly Statement</field>
            <field name="email_to">${object.email|safe}</field>
            <field name="lang">${object.lang}</field>
            <field name="report_template" ref="bi_customer_overdue_statement.report_customer_monthly_print"/>
            <field name="report_name">Customer Monthly Statement Report</field>
            <field name="model_id" ref="base.model_res_partner"/>
            <field name="auto_delete" eval="True"/>
            <field name="body_html"><![CDATA[
<div style="font-family: 'Lucica Grande', Ubuntu, Arial, Verdana, sans-serif; font-size: 12px; color: rgb(34, 34, 34); background-color: rgb(255, 255, 255); ">

    <p>Dear ${object.name},</p>
    <p>
    We have attched your paymnet statement.
    Please kindly check.

    </p>
<br/>
Best Regards,
<br/>
   <br/>
${user.name}

<br/>
<br/>



    <br/>

</div>
            ]]></field>
        </record> -->



        
       <record id="email_template_customer_statement" model="mail.template">
            <field name="name">Customer Statement email</field>
            <field name="email_from">${(user.email or '')|safe}</field>
            <field name="subject">${user.company_id.name} Customer Statement</field>
            <field name="email_to">${object.email|safe}</field>
            <field name="lang">${object.lang}</field>
             <field name="report_template" ref="bi_customer_overdue_statement.report_customert_print"/>
            <field name="report_name">Customer Statement Report</field>
            <field name="model_id" ref="base.model_res_partner"/>
            <field name="auto_delete" eval="True"/>
            <field name="body_html"><![CDATA[
<div style="font-family: 'Lucica Grande', Ubuntu, Arial, Verdana, sans-serif; font-size: 12px; color: rgb(34, 34, 34); background-color: rgb(255, 255, 255); ">

    <p>Dear ${object.name},</p>
    <p>
    We have attched your paymnet statement.
    Please kindly check.

    </p>
<br/>
Best Regards,
<br/>
   <br/>
${user.name}

<br/>
<br/>



    <br/>

</div>
            ]]></field>
        </record>



        <record id="email_template_customer_statement_filter" model="mail.template">
            <field name="name">Customer Filtered Statement email</field>
            <field name="email_from">${(user.email or '')|safe}</field>
            <field name="subject">${user.company_id.name} Customer Statement</field>
            <field name="email_to">${object.email|safe}</field>
            <field name="lang">${object.lang}</field>
            <field name="report_template"
                ref="bi_customer_overdue_statement.report_customer_statement_filter_print" />
            <field name="report_name">Customer Statement Report</field>
            <field name="model_id" ref="base.model_res_partner" />
            <field name="auto_delete" eval="True" />
            <field name="body_html"><![CDATA[
<div style="font-family: 'Lucica Grande', Ubuntu, Arial, Verdana, sans-serif; font-size: 12px; color: rgb(34, 34, 34); background-color: rgb(255, 255, 255); ">

    <p>Dear ${object.name},</p>
% if object.statement_from_date and object.statement_to_date:
    <p>

    We have attched your payment statement between ${object.statement_from_date} and ${object.statement_to_date}.
    Please kindly check.

    </p>
% else
    <p>
    We have attched your payment statement.
    Please kindly check.

    </p>
% endif

<br/>
Best Regards,
<br/>
   <br/>
${user.name}

<br/>
<br/>



    <br/>

</div>
            ]]></field>
        </record>


    </data>
</odoo>
