<?xml version="1.0" encoding='UTF-8'?>
<odoo>
	<data noupdate="0">

		<record model="ir.cron" id="autometic_send_overdue_statement_cron">
			<field name="name">Automatic Send Overdue Statement</field>
			<field name="model_id" ref="model_res_partner" />
			<field name="active">False</field>
			<field name="interval_number">1</field>
			<field name="interval_type">months</field>
			<field name="numbercall">-1</field>
			<field name="doall" eval="False" />
			<field name="state">code</field>
			<field name="code">model._cron_send_overdue_statement()</field>
		</record>
		
		
		<record model="ir.cron" id="autometic_send_statement_cron">
			<field name="name">Automatic Send Customer Statement</field>
			<field name="model_id" ref="model_res_partner" />
			<field name="active">False</field>
			<field name="interval_number">1</field>
			<field name="interval_type">months</field>
			<field name="numbercall">-1</field>
			<field name="doall" eval="False" />
			<field name="state">code</field>
			<field name="code">model._cron_send_customer_statement()</field>
		</record>
		
	</data>
</odoo>